{
    "train": {
        "mean": [
            1413.44482421875,
            1415.5482177734375,
            1261.5196533203125,
            2993.12353515625,
            1791.673583984375,
            2591.425537109375,
            2880.435791015625,
            3028.009521484375,
            2274.052734375,
            1713.2525634765625
        ],
        "std": [
            1763.0909423828125,
            1778.927490234375,
            1922.9901123046875,
            1794.1336669921875,
            1779.3594970703125,
            1706.66552734375,
            1741.59423828125,
            1710.9970703125,
            1328.98388671875,
            1255.100341796875
        ]
    }
}