{
    "0": {
        "IoU": 0.8450386593691847,
        "Precision": 0.9160808685176242,
        "Recall": 0.9159428885380321,
        "F1-score": 0.9160118733318052
    },
    "1": {
        "IoU": 0.5632501151288097,
        "Precision": 0.7441665583201963,
        "Recall": 0.6985069361681842,
        "F1-score": 0.720614199452528
    },
    "2": {
        "IoU": 0.6391527796658646,
        "Precision": 0.7752731991768155,
        "Recall": 0.7844963020908952,
        "F1-score": 0.7798574819806041
    },
    "3": {
        "IoU": 0.8841411908535053,
        "Precision": 0.9182821080048721,
        "Recall": 0.9596458301562024,
        "F1-score": 0.9385084251069256
    },
    "4": {
        "IoU": 0.9263482737637974,
        "Precision": 0.9586933390694713,
        "Recall": 0.9648587062858333,
        "F1-score": 0.9617661420630351
    },
    "5": {
        "IoU": 0.9477344545800694,
        "Precision": 0.9699716053391955,
        "Recall": 0.9763814639167308,
        "F1-score": 0.9731659799429903
    },
    "6": {
        "IoU": 0.9045301592200452,
        "Precision": 0.944552674237942,
        "Recall": 0.9552520522955306,
        "F1-score": 0.9498722347253077
    },
    "7": {
        "IoU": 0.5060604735974422,
        "Precision": 0.6850499700961362,
        "Recall": 0.6594997100800586,
        "F1-score": 0.6720320763596483
    },
    "8": {
        "IoU": 0.9489484089740914,
        "Precision": 0.9655737148936322,
        "Recall": 0.982178992636465,
        "F1-score": 0.9738055708448529
    },
    "9": {
        "IoU": 0.31805972507505137,
        "Precision": 0.5279861511829198,
        "Recall": 0.4444297257914956,
        "F1-score": 0.4826180771997123
    },
    "10": {
        "IoU": 0.5293503921705011,
        "Precision": 0.7047269399627423,
        "Recall": 0.6802172438630711,
        "F1-score": 0.6922552148683608
    },
    "11": {
        "IoU": 0.892982379432469,
        "Precision": 0.9439981511439797,
        "Recall": 0.9429347073326131,
        "F1-score": 0.9434661295687202
    },
    "12": {
        "IoU": 0.7568059649731229,
        "Precision": 0.8537555482071082,
        "Recall": 0.8695295378864781,
        "F1-score": 0.8615703498988304
    },
    "13": {
        "IoU": 0.6245692611650512,
        "Precision": 0.8139861210781896,
        "Recall": 0.7285543063520247,
        "F1-score": 0.76890444266703
    }
}